"time","T","der(T)"
0,333.15,0.4
1,333.5520085956829,0.404020085956829
2,333.9580607954971,0.4080806079549717
3,334.3681952560189,0.4121819525601893
4,334.7824499339818,0.4163244993398183
5,335.200864792777,0.4205086479277702
6,335.623482096961,0.4247348209696099
7,336.0503454035959,0.4290034540359596
8,336.4814989571254,0.4333149895712546
9,336.9169867770017,0.4376698677700176
10,337.3568520447449,0.4420685204474495
11,337.8011383460505,0.4465113834605057
12,338.2498900354922,0.450998900354922
13,338.7031531722141,0.4555315317221414
14,339.1609714989993,0.4601097149899937
15,339.6233915553871,0.4647339155538708
16,340.0904596975189,0.4694045969751892
17,340.5622206699269,0.4741222066992691
18,341.0387243932034,0.478887243932034
19,341.5200169045867,0.4837001690458669
20,342.0061451869896,0.4885614518698964
21,342.4971609800043,0.4934716098000427
22,342.9931107207103,0.4984311072071034
23,343.4940438303339,0.5034404383033387
24,344.0000121701365,0.5085001217013649
25,344.5110652965562,0.5136106529655626
26,345.0272541697627,0.5187725416976275
27,345.5486302252353,0.5239863022523531
28,346.0752453737634,0.5292524537376341
29,346.6071536346974,0.5345715363469742
30,347.1444076492954,0.539944076492954
31,347.687061137933,0.54537061137933
32,348.2351684249446,0.5508516842494459
33,348.7887843695369,0.556387843695369
34,349.3479643091138,0.5619796430911379
35,349.9127641006033,0.5676276410060336
36,350.4832402276257,0.573332402276257
37,351.0594496601007,0.5790944966010073
38,351.6414498997901,0.5849144989979009
39,352.2292989802968,0.5907929898029681
40,352.8230568904095,0.5967305689040949
41,353.4227822378142,0.6027278223781423
42,354.0285348922624,0.6087853489226239
43,354.6403752885626,0.6149037528856263
44,355.2583644189457,0.6210836441894572
45,355.8825646304361,0.6273256463043617
46,356.513038777385,0.6336303877738498
47,357.1498492862243,0.6399984928622428
48,357.7930597034904,0.6464305970349039
49,358.4427341648738,0.6529273416487382
50,359.0989374579905,0.6594893745799055
51,359.7617367768794,0.6661173677687942
52,360.4311973597439,0.6728119735974394
53,361.1073860388436,0.6795738603884365
54,361.7903702704394,0.6864037027043947
55,362.4802181347944,0.693302181347944
56,363.1769990883884,0.7002699908838838
57,363.8807831100091,0.707307831100091
58,364.5916401481747,0.7144164014817471
59,365.309641241352,0.7215964124135206
60,366.0348581327684,0.7288485813276844
61,366.7673633094907,0.7361736330949077
62,367.5072303931981,0.7435723039319817
63,368.2545331756591,0.7510453317565913
64,369.0093464139774,0.7585934641397745
65,369.7717456246017,0.7662174562460171
66,370.5418070911945,0.7739180709119455
67,371.3196077427066,0.7816960774270666
68,372.1052253355597,0.789552253355597
69,372.8987384962535,0.7974873849625357
70,373.7002265834458,0.8055022658344586
71,374.5097697497366,0.8135976974973664
72,375.3274489564749,0.8217744895647491
73,376.1533460301018,0.830033460301018
74,376.9875435325898,0.8383754353258979
75,377.8301248823528,0.8468012488235286
76,378.6811743302024,0.8553117433020242
77,379.5407769665733,0.8639077696657336
78,380.4090188676026,0.8725901886760261
79,381.28598689134,0.8813598689134
80,382.1717687029821,0.8902176870298212
81,383.0664528948009,0.899164528948009
82,383.9701289471257,0.9082012894712573
83,384.8828872364729,0.9173288723647289
84,385.8048190436747,0.9265481904367471
85,386.7360165620095,0.9358601656200949
86,387.6765729053309,0.9452657290533096
87,388.6265821161977,0.9547658211619773
88,389.586139174003,0.9643613917400302
89,390.5553401475941,0.9740534014759408
90,391.5342819097359,0.9838428190973587
91,392.5230622784241,0.9937306227842413
92,393.5217800887663,1.003717800887663
93,394.5305351567704,1.013805351567705
94,395.5494282876622,1.023994282876623
95,396.5785612842056,1.034285612842057
96,397.6180369550208,1.044680369550208
97,398.6679591229034,1.055179591229034
98,399.7284327607428,1.065784327607428
99,400.7995657831486,1.076495657831486
100,401.8814639498507,1.087314639498508
101,402.9742354442749,1.098242354442749
102,404.0779895315554,1.109279895315554
103,405.1928365681745,1.120428365681745
104,406.3188880116018,1.131688880116019
105,407.4562564299338,1.143062564299339
106,408.6050555115331,1.154550555115331
107,409.7654000746672,1.166154000746673
108,410.9374063789034,1.177874063789034
109,412.1211918778213,1.189711918778214
110,413.3168745705821,1.201668745705821
111,414.5245739688428,1.213745739688429
112,415.7444107707591,1.225944107707592
113,416.9765068710155,1.238265068710155
114,418.2209853708579,1.250709853708579
115,419.4779705881244,1.263279705881244
116,420.7475880672776,1.275975880672776
117,422.0299663679139,1.288799663679139
118,423.3252333717908,1.301752333717909
119,424.6335181010708,1.314835181010708
120,425.9549513875874,1.328049513875874
121,427.2896653705374,1.341396653705374
122,428.6377935079324,1.354877935079325
123,429.9994705880519,1.368494705880519
124,431.3748327408955,1.382248327408955
125,432.7640174742508,1.396140174742508
126,434.1671642298361,1.410171642298362
127,435.5844129145202,1.424344129145202
128,437.0159052078197,1.438659052078198
129,438.4617841962848,1.453117841962849
130,439.9221943853537,1.467721943853537
131,441.3972817112077,1.482472817112077
132,442.8871935526266,1.497371935526266
133,444.3920787428436,1.512420787428436
134,445.9120883738568,1.527620883738568
135,447.4473755685232,1.542973755685232
136,448.9980927603868,1.558480927603868
137,450.5643950086831,1.574143950086832
138,452.1464389205045,1.589964389205045
139,453.7443826643686,1.605943826643687
140,455.3583859837858,1.622083859837858
141,456.9886102108267,1.638386102108267
142,458.6352182796902,1.654852182796902
143,460.2983754578114,1.671483754578114
144,461.9782479851289,1.688282479851289
145,463.6750035360067,1.705250035360067
146,465.3888117256752,1.722388117256753
147,467.1198438552506,1.739698438552506
148,468.8682729260967,1.757182729260967
149,470.6342736541866,1.774842736541866
150,472.4180224844647,1.792680224844647
151,474.2196976052078,1.810696976052079
152,476.0394815543514,1.828894815543514
153,477.877554728143,1.847275547281431
154,479.7341009054673,1.865841009054673
155,481.6093057173645,1.884593057173645
156,483.5033566471778,1.903533566471779
157,485.416443046739,1.92266443046739
158,487.3487561525559,1.941987561525559
159,489.3004891019986,1.961504891019986
160,491.2718373186755,1.981218373186755
161,493.2629986534354,2.001129986534354
162,495.2741715337511,2.021241715337511
163,497.3055570246584,2.041555570246584
164,499.3573581923315,2.062073581923315
165,501.4297801212533,2.082797801212533
166,503.5230299313844,2.103730299313844
167,505.6373167953334,2.124873167953335
168,507.7728519555262,2.146228519555262
169,509.9298503522791,2.167798503522791
170,512.1085278282902,2.189585278282903
171,514.3091014645387,2.211591014645387
172,516.5317912916104,2.233817912916104
173,518.7768195351241,2.256268195351241
174,521.0444106348714,2.278944106348714
175,523.3347912639534,2.301847912639535
176,525.6481903479213,2.324981903479213
177,527.9848390839143,2.348348390839142
178,530.344972699517,2.371949726995171
179,532.7288262396468,2.395788262396468
180,535.1366379446401,2.419866379446402
181,537.5686485226681,2.444186485226682
182,540.0251010758847,2.468751010758847
183,542.5062411208818,2.493562411208818
184,545.0123166091417,2.518623166091418
185,547.5435779474917,2.543935779474918
186,550.1002787008756,2.569502787008756
187,552.6826764731046,2.595326764731047
188,555.2910278902659,2.621410278902659
189,557.9255937549621,2.647755937549621
190,560.5866374716381,2.674366374716382
191,563.2744250692896,2.701244250692896
192,565.9892252241699,2.728392252241699
193,568.7313092824984,2.755813092824984
194,571.5009512831684,2.783509512831684
195,574.2984292324708,2.811484292324708
196,577.1240231946349,2.839740231946349
197,579.9780149219207,2.868280149219208
198,582.8606897410267,2.897106897410267
199,585.7723358188472,2.926223358188472
200,588.7132441868854,2.955632441868854
201,591.6837087656655,2.985337087656656
202,594.6840263891453,3.015340263891453
203,597.7144968291277,3.045644968291277
204,600.7754259689191,3.076254259689191
205,603.8671184404861,3.107171184404861
206,606.9898830374749,3.138398830374749
207,610.1440319793513,3.169940319793513
208,613.3298805974231,3.201798805974231
209,616.5477473618179,3.233977473618179
210,619.797953908458,3.26647953908458
211,623.0808250660399,3.299308250660399
212,626.3966893738012,3.332466893738013
213,629.745880442106,3.36595880442106
214,633.12873155482,3.3997873155482
215,636.5455809268586,3.433955809268586
216,639.9967701422484,3.468467701422484
217,643.4826441832211,3.503326441832211
218,647.0035514593106,3.538535514593107
219,650.5598438364484,3.574098438364484
220,654.151876666058,3.61001876666058
221,657.7800107353823,3.646300107353823
222,661.44460980697,3.6829460980697
223,665.1460388466559,3.719960388466559
224,668.8846679362757,3.757346679362758
225,672.6608708471381,3.795108708471381
226,676.4750250720629,3.833250250720629
227,680.3275118574194,3.871775118574194
228,684.2187162351651,3.910687162351651
229,688.1490270548838,3.949990270548839
230,692.1188399852329,3.989688399852329
231,696.1285508738541,4.029785508738541
232,700.1785601199635,4.070285601199635
233,704.2692726223925,4.111192726223925
234,708.4010973106246,4.152510973106246
235,712.574447179448,4.194244471794481
236,716.7897393236128,4.236397393236128
237,721.0473949724829,4.27897394972483
238,725.3478400094184,4.321978400094184
239,729.6915076043439,4.365415076043439
240,734.0788296631437,4.409288296631438
241,738.5102447834857,4.453602447834857
242,742.9861959291499,4.498361959291499
243,747.5071304676676,4.543571304676676
244,752.0735002079625,4.589235002079626
245,756.685761437987,4.635357614379871
246,761.3443749623638,4.681943749623638
247,766.0498086522667,4.728998086522668
248,770.8025350030218,4.776525350030218
249,775.603026861394,4.82453026861394
250,780.451764211242,4.87301764211242
251,785.3492318281723,4.921992318281723
252,790.2959193215628,4.971459193215628
253,795.2923211765846,5.021423211765846
254,800.338936796223,5.071889367962231
255,805.4362705433008,5.122862705433008
256,810.5848351775528,5.174348351775529
257,815.7851446531735,5.226351446531734
258,821.0377181542926,5.278877181542926
259,826.3430808693815,5.331930808693816
260,831.7017632223407,5.385517632223407
261,837.1143009177712,5.439643009177712
262,842.5812349862498,5.494312349862498
263,848.1031118296023,5.549531118296023
264,853.6804836047199,5.6053048360472
265,859.3139122073412,5.661639122073412
266,865.00395796858,5.718539579685801
267,870.7511898014741,5.776011898014741
268,876.5561822860249,5.834061822860249
269,882.4195157180369,5.892695157180369
270,888.341776157956,5.95191776157956
271,894.3235554797079,6.011735554797079
272,900.3654514195363,6.072154514195363
273,906.4680699265174,6.133180699265175
274,912.6320238506704,6.194820238506704
275,918.8579267448969,6.25707926744897
276,925.1464010583618,6.319964010583618
277,931.4980754385725,6.383480754385726
278,937.9135847848645,6.447635847848646
279,944.3935703018832,6.512435703018832
280,950.9386795530698,6.577886795530699
281,957.549566514145,6.643995665141451
282,964.2268966355873,6.710768966355873
283,970.9713368633554,6.778213368633555
284,977.783559929975,6.84633559929975
285,984.6642469021846,6.915142469021847
286,991.6140856317196,6.984640856317196
287,998.6337708140424,7.054837708140424
288,1005.724004047067,7.125740040470669
289,1012.885493889889,7.197354938898886
290,1020.118956078334,7.26968956078334
291,1027.425120721154,7.342751207211544
292,1034.804713713274,7.416547137132739
293,1042.258472901748,7.491084729017481
294,1049.787143492344,7.566371434923441
295,1057.391478113627,7.642414781136268
296,1065.072236881041,7.719222368810414
297,1072.830187460998,7.796801874609977
298,1080.666105134953,7.875161051349534
299,1088.580775219309,7.954307752193091
300,1096.574992977439,8.034249929774395
300,1096.574992977439,8.034249929774395
